Name account,Sentiment,Vader,Textblob,Retweet
nytimes,0,-0.2023,0.0682,22
nytimes,-1,0,0.0682,36
nytimes,0,0.4939,0,24
nytimes,0,-0.5023,-0.1333,21
nytimes,0,-0.2846,0,27
nytimes,-1,-0.7184,-0.1,15
nytimes,0,0,0.0273,24
nytimes,0,0.5994,-0.3167,31
nytimes,0,-0.6808,0.0788,15
nytimes,0,0.5859,0,15
nytimes,0,0,0.0167,32
nytimes,0,-0.1531,0,44
nytimes,-1,0,0.3182,28
nytimes,-1,-0.8442,-0.4,16
nytimes,0,0.4767,0.0625,12
nytimes,0,0,0.0167,19
nytimes,0,-0.4404,0,355
nytimes,0,0.7003,0.5,49
nytimes,0,0.7506,0,34
nytimes,0,0.7759,0.5,24
nytimes,0,-0.1779,0.1667,10
nytimes,0,0,0.0682,113
nytimes,0,0,0.2121,49
nytimes,0,0.6124,0.8,15
nytimes,0,-0.128,0.0333,50
nytimes,-1,-0.395,0.2591,40
nytimes,0,0.5106,0.375,22
nytimes,0,-0.4404,0.05,109
nytimes,-1,-0.829,-0.1333,28
nytimes,0,0.3182,0,2
nytimes,0,0,0.2432,22
nytimes,0,0.3818,0,673
nytimes,0,-0.5267,0,16
nytimes,0,0,0.1571,9
nytimes,0,0.1531,0.4,19
nytimes,0,-0.4404,0,22
nytimes,0,-0.2732,0.1621,131
nytimes,-1,0.7964,0,27
nytimes,0,0.5719,0.125,19
nytimes,0,0.5563,0.3,20
nytimes,0,-0.9598,-0.1458,28
nytimes,0,-0.8402,0.1167,46
nytimes,-1,0,0.1932,28
nytimes,0,-0.2263,0.2143,109
nytimes,-1,0.7906,0.0765,17
nytimes,0,-0.2732,0.5,43
nytimes,0,0.5106,0.2136,34
nytimes,0,-0.2263,0.2,18
nytimes,0,-0.128,-0.0318,46
nytimes,0,0.8126,0.35,23
nytimes,-2,-0.7781,0,68
nytimes,0,0.7717,0.1611,34
nytimes,0,0.4939,-0.1,33
nytimes,0,0.25,-0.5,29
nytimes,0,0.0772,0,12
nytimes,-1,0.743,0.0833,13
nytimes,0,-0.2023,0,47
nytimes,0,0.872,0.125,43
nytimes,0,-0.8807,-0.2,19
nytimes,0,-0.5267,0.0333,38
nytimes,0,0.5106,0.0576,55
nytimes,0,0.4019,-0.0034,44
nytimes,-1,-0.5423,0.175,373
nytimes,1,0.7717,0.3341,24
nytimes,0,0,0.1341,47
nytimes,0,0.7579,0.0511,28
nytimes,0,-0.6908,-0.7,48
nytimes,0,-0.3182,-0.0375,143
nytimes,0,-0.5994,0.15,136
nytimes,0,-0.4215,-0.0311,24
nytimes,1,0.128,0.05,29
nytimes,0,0.1531,-0.25,32
nytimes,0,0.7906,0.1667,33
nytimes,0,0.7351,0.0682,38
nytimes,-1,-0.7964,-0.1812,11
nytimes,0,0.6369,0.5,17
nytimes,0,0.34,0,49
nytimes,0,0.7964,0.325,107
nytimes,0,0.8126,0.1,37
nytimes,0,0.6652,0,29
nytimes,0,0.719,0.3234,39
nytimes,0,-0.5719,-0.7,18
nytimes,-1,-0.296,-0.0417,45
nytimes,0,-0.5859,0.105,403
nytimes,0,-0.4404,0,445
nytimes,0,-0.5267,0.16,42
nytimes,0,0,0,564
nytimes,-1,0,0.0778,158
nytimes,1,-0.7964,0.275,24
nytimes,0,0.1531,-0.25,52
nytimes,0,0.7783,0.1111,15
nytimes,0,0.872,0.125,164
nytimes,0,-0.1027,0.4,91
nytimes,-1,-0.5789,-0.125,69
nytimes,0,-0.9201,-0.0534,264
nytimes,0,0.4588,0,27
nytimes,0,0.1027,0.13,161
nytimes,0,0,0.0341,19
nytimes,1,0.765,-0.2236,23
nytimes,0,0.4201,0.4583,77
nytimes,0,0,0,388
nytimes,0,0.8957,0.3333,51
nytimes,1,0.9136,0.3,24
nytimes,0,0.4404,0.1182,51
nytimes,0,0,0.2,10
nytimes,0,-0.2023,-0.0333,37
nytimes,0,-0.5095,0.3333,67
nytimes,-1,0,0,42
nytimes,0,-0.2263,0.2,26
nytimes,0,-0.8834,0.0125,38
nytimes,1,-0.5667,-0.1333,126
nytimes,0,-0.0767,0,17
nytimes,0,0.7845,0.0123,13
nytimes,0,-0.128,-0.2318,15
nytimes,0,-0.4215,-0.0311,62
nytimes,0,0.6124,0.1788,50
nytimes,0,-0.2732,0.0432,51
nytimes,0,-0.4417,-0.0388,34
nytimes,1,0.3612,0,28
nytimes,0,0,-0.01,18
nytimes,0,0,0,25
nytimes,0,0.1779,0.2,57
nytimes,0,0.8225,0.2625,95
nytimes,0,0,0,97
nytimes,0,0.7003,0.125,25
nytimes,0,0,0,23
nytimes,-1,0.1756,0.025,94
nytimes,0,0.2023,0.15,47
nytimes,0,0.7351,0.0682,48
nytimes,0,-0.2732,0.1364,128
nytimes,0,-0.0258,0.2788,262
nytimes,0,-0.2732,0.0432,177
nytimes,0,-0.6249,0,173
nytimes,0,0.802,0.275,19
nytimes,0,-0.5574,0,474
nytimes,0,0.91,0.2,61
nytimes,0,-0.5574,0.3,526
nytimes,0,0.3182,0,20
nytimes,0,-0.4404,0,553
nytimes,0,0.2484,0.2437,156
nytimes,0,-0.5574,-0.05,125
nytimes,0,0.4404,0.4,31
nytimes,0,-0.765,-0.8,167
nytimes,0,-0.5719,0.22,41
nytimes,0,-0.4767,0.0458,48
nytimes,0,0.128,0,28
nytimes,0,-0.2732,0.0341,45
nytimes,0,-0.8735,-0.0306,30
nytimes,0,-0.5574,0.3,521
nytimes,0,-0.7003,0,171
nytimes,0,-0.7906,0.025,36
nytimes,0,-0.6908,-0.0417,32
nytimes,0,-0.2263,-0.05,458
nytimes,0,0.2732,0,46
nytimes,0,-0.6124,0.0625,17
nytimes,0,0.3182,0.0333,23
nytimes,0,-0.1027,0.4,67
nytimes,-1,0.5719,0.4,20
nytimes,0,-0.5106,0,10
nytimes,1,-0.5994,0.5,138
nytimes,0,0.7436,0.0783,16
nytimes,0,-0.7184,0,115
nytimes,0,0,-0.1,117
nytimes,0,0.4019,0.1557,50
nytimes,0,-0.6124,0.0773,9
nytimes,0,-0.296,0,18
nytimes,0,0.7906,-0.0333,13
nytimes,0,-0.6195,-0.1333,27
nytimes,-2,-0.0498,-0.0333,12
nytimes,-2,-0.5574,0.2009,49
nytimes,0,-0.8625,-0.1444,35
nytimes,0,-0.8709,0.2,26
nytimes,0,-0.6369,0.1667,95
nytimes,0,0.1027,-0.0527,22
nytimes,0,0.3612,0.1364,26
nytimes,0,-0.7236,0.0333,29
nytimes,-1,-0.6908,-0.0028,128
nytimes,0,0,0.3182,59
nytimes,0,0.7003,0.125,21
nytimes,0,0.8316,0.75,141
nytimes,0,0.5709,0.1667,121
nytimes,0,-0.25,0,33
nytimes,0,0.6369,0.275,109
nytimes,0,0,0.0278,43
nytimes,0,0,0,353
nytimes,0,0.296,0.6,18
nytimes,0,0.802,0.5333,271
nytimes,0,-0.2263,0.2,19
nytimes,0,0.743,0.3788,49
nytimes,0,0.5859,0.325,128
nytimes,0,0,0.1341,437
nytimes,0,0.8225,0.2625,45
nytimes,0,0,0.2125,369
nytimes,0,0,0,153
nytimes,0,-0.0516,0.2833,37
nytimes,-1,0.0258,0.18,93
nytimes,0,-0.5267,0.0955,16
nytimes,0,-0.6597,0.25,20
nytimes,0,0.2732,0,14
nytimes,0,0.6369,0.5,76
biden4pres,0,-0.3818,-0.175,0
biden4pres,0,-0.5267,0,6
biden4pres,0,0,0,62
biden4pres,0,-0.296,0,0
biden4pres,1,0.6908,0.7,239
biden4pres,0,0.6908,0.5,0
biden4pres,2,0.675,0.0519,101
biden4pres,0,0,0,35
biden4pres,0,0,0.2,129
biden4pres,0,-0.4019,0,34
biden4pres,-1,0.0762,0,37
biden4pres,0,0,0,10676
biden4pres,1,0.5574,0,0
biden4pres,-1,0.2649,0.1083,113
biden4pres,0,-0.4767,-0.0375,70
biden4pres,0,0.3612,0,0
biden4pres,0,0,0,0
biden4pres,0,0,0.3333,0
biden4pres,0,0.9001,-0.0125,136
biden4pres,0,0.4767,0,106
biden4pres,0,0,0,17
biden4pres,0,-0.3818,0,0
biden4pres,0,-0.5859,-0.9,63
biden4pres,0,0,0,1
biden4pres,0,0.3818,0.0939,2
biden4pres,2,0.8855,0.5,4
biden4pres,-1,0,0.2,1
biden4pres,-1,-0.2235,-0.0848,24
biden4pres,0,0.3182,0,1
biden4pres,-1,-0.4939,0.0333,0
biden4pres,0,0,0,0
biden4pres,0,0,0,0
biden4pres,0,0.3612,0,0
biden4pres,0,0.3612,-0.3125,0
biden4pres,0,0.9313,0.4125,2
biden4pres,0,0,0,0
biden4pres,0,-0.7165,0.3,4
biden4pres,0,0,0,34
biden4pres,0,0,0,0
biden4pres,0,0.7579,0.475,0
biden4pres,1,0.2263,0,44
biden4pres,-1,0.3689,0.1,0
biden4pres,0,0,0,0
biden4pres,0,0.25,0,0
biden4pres,-1,0,-0.1875,0
biden4pres,-1,0.3818,0.8,0
biden4pres,0,0,0,1
biden4pres,0,0.4404,-0.3125,0
biden4pres,0,-0.4767,-1,0
biden4pres,0,0,0,0
biden4pres,0,0,0,1
biden4pres,0,-0.0516,-0.2188,0
biden4pres,0,0.1531,0,43
biden4pres,0,0,0,0
biden4pres,-1,0.864,0.1,20
biden4pres,0,0,0.0938,59
biden4pres,0,0.7184,0,211
biden4pres,0,0.34,0,0
biden4pres,-1,0.5647,0.7,25250
biden4pres,0,0.3089,0,0
biden4pres,0,0.7506,0.0667,73
biden4pres,-1,0.9155,0.3875,68
biden4pres,0,-0.6808,0,139
biden4pres,0,-0.3612,0.4,165
biden4pres,0,0.34,-0.2,0
biden4pres,0,0.6808,0.3,0
biden4pres,0,0.8126,0.3667,63
biden4pres,0,0,0,171
biden4pres,0,-0.3566,0,16538
biden4pres,0,0,0,0
biden4pres,0,0,0,2
biden4pres,0,0,-0.1556,55
biden4pres,0,0.3182,0.5,0
biden4pres,0,0.8689,0.35,132
biden4pres,0,0.5106,0.3,0
biden4pres,0,-0.4767,-0.5,0
biden4pres,0,0.0258,0,3
biden4pres,0,0,0,0
biden4pres,0,-0.3252,0,1
biden4pres,0,0,0,0
biden4pres,0,0,0,0
biden4pres,0,0.3182,0,0
biden4pres,0,0.0258,0,177
biden4pres,0,0,0.3333,0
biden4pres,0,0,0,0
biden4pres,0,-0.2626,0.22,0
biden4pres,0,0,0,0
biden4pres,0,0,0,0
biden4pres,0,0,0,0
biden4pres,0,-0.1045,-0.1715,104
biden4pres,0,0,0,0
biden4pres,-1,0,0.5,0
biden4pres,-1,0.2023,-0.5,0
biden4pres,2,0.6124,-0.3125,131
biden4pres,0,0.2023,0.4167,0
biden4pres,0,0,0,0
biden4pres,0,0,-0.3,49
biden4pres,0,0,-0.1556,0
biden4pres,0,0.2732,0.5,0
biden4pres,0,0.683,0.1333,0
biden4pres,0,0.6757,0.1667,0
biden4pres,0,-0.0516,0.05,0
biden4pres,-1,0.1779,0.25,33
biden4pres,0,0.3182,0.35,0
biden4pres,0,0,0.08,0
biden4pres,0,0.6124,0.7,0
biden4pres,0,-0.3182,-1,2
biden4pres,0,0.4019,-0.025,1
biden4pres,0,0.34,-0.1556,38
biden4pres,0,0,0,0
biden4pres,0,0,0,1
biden4pres,0,0,0,199
biden4pres,0,0,0,0
biden4pres,0,0,0,0
biden4pres,0,0.4939,0.6,90
biden4pres,0,0.4019,0.5,0
biden4pres,0,0,0,0
biden4pres,0,0.8316,0.4,1
biden4pres,-1,-0.2168,-0.0111,37
biden4pres,0,0,0,0
biden4pres,0,0.4019,0,1
biden4pres,0,0,0,8
biden4pres,0,0.3384,0.5,1
biden4pres,0,-0.34,0,1
biden4pres,0,0.4767,0,1
biden4pres,0,0,-0.3,1
biden4pres,0,-0.6808,0,396
biden4pres,-1,0,0.2,162
biden4pres,0,0,0,1
biden4pres,0,0.4215,0,0
biden4pres,-1,-0.6217,-1,35
biden4pres,0,0,0.4,0
biden4pres,0,-0.1779,-0.1556,0
biden4pres,0,0.4939,0.5,0
biden4pres,0,0,0.2,0
biden4pres,0,-0.5574,-0.2,0
biden4pres,-1,-0.5719,-0.8,0
biden4pres,0,-0.5267,0,0
biden4pres,0,0,0,0
biden4pres,0,0,0,0
biden4pres,0,0.5574,0.3386,137
biden4pres,0,0.4215,0.6,0
biden4pres,0,-0.3182,-1,0
biden4pres,0,0.34,-0.4,0
biden4pres,0,0,0,0
biden4pres,0,-0.3586,0,0
biden4pres,0,0.4391,0.13,2
biden4pres,0,-0.886,0,62
biden4pres,0,0,0,0
biden4pres,2,0.5719,0,0
biden4pres,0,0,0,0
biden4pres,0,-0.1235,0,0
biden4pres,-1,0.2425,0.35,113
biden4pres,0,0,0,0
biden4pres,0,0,0,0
biden4pres,0,0.5267,0,0
biden4pres,0,0.5423,0.1351,1
biden4pres,0,0,0.5,0
biden4pres,0,-0.1779,-0.5,0
biden4pres,0,0,0,0
biden4pres,0,0.2263,0.35,0
biden4pres,0,-0.5423,0,332
biden4pres,0,0,0,0
biden4pres,0,0,0.0333,0
biden4pres,0,0,0.2,0
biden4pres,1,0.3612,0,0
biden4pres,-1,-0.7003,-0.4639,0
biden4pres,0,0.7184,0,46
biden4pres,0,0,0,0
biden4pres,0,0,0,0
biden4pres,0,0,0,0
biden4pres,0,0.296,0.1352,0
biden4pres,0,0,0,0
biden4pres,-2,-0.3252,0,40
biden4pres,0,-0.4019,0.1364,0
biden4pres,0,0,0,0
biden4pres,1,0.4927,0.535,16
biden4pres,0,0.6486,0.5,57
biden4pres,0,0,0,252
biden4pres,-1,0.1531,-0.0625,71
biden4pres,0,0,0,0
biden4pres,0,0,0,0
biden4pres,0,0,0,0
biden4pres,0,0,0,0
biden4pres,0,0,0,0
biden4pres,-2,-0.3412,0,101
biden4pres,0,0,0.2,0
biden4pres,0,0.25,0,1
biden4pres,0,0.3182,0.5,0
biden4pres,0,-0.8225,-0.3,40
biden4pres,0,-0.6249,0,0
biden4pres,0,0.4939,0,8
biden4pres,-2,-0.3252,0,40
biden4pres,-1,-0.0516,0,142
biden4pres,0,0.6213,0.4,0
biden4pres,0,0.3818,0,0
biden4pres,0,-0.5267,0.05,0
biden4pres,0,0,0,68
biden4pres,0,0,0,1
biden4pres,0,0,0,2
POTUS,0,0.5574,0.0292,2171
POTUS,0,0.872,0.1833,1081
POTUS,0,0.4404,0.25,465
POTUS,0,0.25,0.3,5481
POTUS,0,0.743,0.2167,1900
POTUS,1,0.886,0.3214,2998
POTUS,1,0.5574,0.0682,1460
POTUS,0,0.4118,0.2333,7246
POTUS,1,0.5719,0.1,1657
POTUS,0,0.8519,0.2333,1133
POTUS,-1,-0.296,0,1333
POTUS,0,-0.1612,0.2,3837
POTUS,0,0,0,673
POTUS,0,0.1779,0.25,4226
POTUS,2,0.4649,-0.0069,893
POTUS,0,0.7717,-0.0375,1751
POTUS,0,0.3818,0.0296,1282
POTUS,0,0,0,760
POTUS,0,0.9022,0.1667,3232
POTUS,0,0.7184,0,2381
POTUS,0,0.5574,0.15,2699
POTUS,0,0.3477,0.25,9618
POTUS,0,0.3818,0.25,5772
POTUS,0,-0.5994,0.05,3494
POTUS,0,0,0,1900
POTUS,0,0.7269,0.2778,2078
POTUS,0,0.3182,0.0938,858
POTUS,0,0.2732,0,851
POTUS,0,0.743,0.5,4747
POTUS,0,0,0,716
POTUS,0,0.0772,0.15,4102
POTUS,0,0.8074,0.75,12236
POTUS,0,-0.9337,-0.0212,1921
POTUS,0,0.8126,0.1,727
POTUS,0,0.8591,0.2389,2286
POTUS,0,-0.9604,0,4470
POTUS,0,-0.7906,0,926
POTUS,0,-0.6486,0,1089
POTUS,0,-0.875,0.0682,2947
POTUS,-1,-0.8471,0.0333,2196
POTUS,-2,-0.9081,-0.0422,8217
POTUS,0,0.886,0.375,853
POTUS,0,0.34,0,3170
POTUS,0,0,0,1060
POTUS,0,0.7717,0.2125,9308
POTUS,0,-0.8689,0.1364,6362
POTUS,0,0.5661,0,1901
POTUS,0,-0.6597,0,8266
POTUS,0,-0.9448,0.2227,2163
POTUS,0,-0.7906,0.169,4001
POTUS,0,-0.6597,0.125,1042
POTUS,0,0,0,7252
POTUS,0,0,0.4,1633
POTUS,0,0.7783,0.5,7450
POTUS,0,-0.743,-0.05,1754
POTUS,0,0.7351,0.1389,2376
POTUS,0,0.9042,0.31,1986
POTUS,0,0.959,0.0682,2877
POTUS,0,0.875,-0.0764,6057
POTUS,0,0.8807,0.1653,1433
POTUS,0,0.908,0.235,1556
POTUS,0,0.8225,0.3333,4133
POTUS,0,0.9042,0.2929,3813
POTUS,0,0.7351,0.35,1201
POTUS,0,0.5423,0.125,1978
POTUS,0,0,0,1254
POTUS,0,0,0.25,1408
POTUS,0,0.7165,0.1,5348
POTUS,0,0.7964,0.1,5103
POTUS,0,0.7506,1,6526
POTUS,0,0.8689,0.04,1918
POTUS,0,0.1779,0.25,1744
POTUS,0,-0.0772,0.1,6369
POTUS,0,-0.128,0.1,5820
POTUS,1,0.5267,0.5,1260
POTUS,0,-0.8591,-0.4,5359
POTUS,0,0,0,3007
POTUS,0,0.2648,0.3833,2626
POTUS,0,0.7351,0.4619,2499
POTUS,0,0.4404,0.5,773
POTUS,0,0.5093,1,12208
POTUS,0,-0.128,0,7315
POTUS,-1,0.504,0,3897
POTUS,0,0.3818,0.2,2710
POTUS,0,0.6486,0,2917
POTUS,1,0.9413,0.4111,1369
POTUS,0,0.9081,0.1389,14755
POTUS,0,0.9618,0.8,1808
POTUS,0,0.5267,0,668
POTUS,0,0.5267,0.4333,1608
POTUS,0,-0.5574,0.05,1949
POTUS,0,-0.0258,0.1,3020
POTUS,0,0.3818,0.2,7565
POTUS,0,0.4019,0.075,2966
POTUS,1,0.3612,0.2619,2315
POTUS,3,0.9571,0.4429,1550
POTUS,0,0.8481,0.4,3750
POTUS,0,-0.5994,0.0833,9606
POTUS,0,0.5563,0.2583,2593
POTUS,0,0.5267,0.1667,3765
POTUS,-1,-0.9336,-0.1667,2749
POTUS,0,0.7506,0.2,2265
POTUS,0,0.6705,-0.0448,1502
POTUS,0,-0.1027,0,7545
POTUS,0,-0.4404,-0.0778,1395
POTUS,0,0.4588,0,3247
POTUS,0,-0.296,0,4723
POTUS,0,0.6705,0.2619,1844
POTUS,0,-0.0534,0.2,3285
POTUS,0,0.8316,0.3,1214
POTUS,0,-0.34,0.1364,4972
POTUS,-1,0.3818,0,5980
POTUS,0,-0.5574,0.0167,2120
POTUS,0,-0.25,0,755
POTUS,1,0.6369,0.4714,8956
POTUS,0,0.4404,0.25,2902
POTUS,0,0.5267,0,2597
POTUS,0,0.2732,-0.1667,4007
POTUS,0,0.3818,0.1333,10211
POTUS,0,0.1531,-0.2,2375
POTUS,0,0.7783,0.2929,6444
POTUS,0,-0.6808,0.1667,4695
POTUS,1,0.2263,0.1746,2387
POTUS,1,0.0258,0,2088
POTUS,0,0,0,876
POTUS,0,0.7717,0.1705,6702
POTUS,0,0.3182,0.5,1075
POTUS,0,0.886,0,2035
POTUS,0,0.5719,0.2,1629
POTUS,0,0.7147,0.0875,881
POTUS,0,-0.3919,-0.125,1161
POTUS,0,0.4404,0.25,1628
POTUS,0,0.8173,0.45,665
POTUS,0,-0.6412,-0.0333,4420
POTUS,0,0.6474,0,1708
POTUS,0,0.3182,0.1214,1570
POTUS,0,0,0,3567
POTUS,0,0.5423,0.0833,6349
POTUS,0,0.8225,-0.2917,3455
POTUS,-1,-0.2144,-0.3429,14014
POTUS,0,0.5106,0.3429,2539
POTUS,0,0,0,1630
POTUS,0,-0.7717,0.125,4370
POTUS,0,0,0,1294
POTUS,0,0.8225,0.33,3074
POTUS,0,0.4767,0.125,5878
POTUS,0,0.7506,0.25,4226
POTUS,0,0,0,2981
POTUS,0,-0.4767,0.0464,3328
POTUS,0,-0.0516,-0.125,5742
POTUS,0,0.5106,0,1948
POTUS,0,0.6369,-0.1,16903
POTUS,0,0.3818,0.2952,3052
POTUS,0,0.6808,0.2857,5777
POTUS,0,0.9716,0.1333,4030
POTUS,0,0.743,0,2930
POTUS,-1,0,0.2,7753
POTUS,0,0.0852,0.3444,12415
POTUS,-1,-0.539,0.1875,6600
POTUS,0,0.2732,0,2236
POTUS,0,0.6486,0.1133,5027
POTUS,0,0.6486,0.0682,3581
POTUS,0,0.4215,0,1014
POTUS,0,0.8714,0.4333,3090
POTUS,0,0,0,10893
POTUS,-1,0.296,0.4333,2335
POTUS,0,0.6478,0.25,3519
POTUS,0,0.8625,0,3743
POTUS,0,-0.0516,0.0196,2535
POTUS,0,0.5106,0.1958,5142
POTUS,0,0,0,1446
POTUS,0,0.4404,0.2,2957
POTUS,0,0,0,636
POTUS,0,-0.7184,0.0341,5412
POTUS,0,0,0.2857,2516
POTUS,0,0.9062,0.3267,3316
POTUS,0,0.6293,0.4,1905
POTUS,0,0.8074,-0.2333,2007
POTUS,0,0.168,-0.1,8154
POTUS,0,0.5423,0,5395
POTUS,0,0.6808,0.1,8752
POTUS,-1,-0.4767,0.2952,7281
POTUS,0,0.7184,0.2857,1830
POTUS,0,0.9493,0.4625,2115
POTUS,-1,-0.593,0.2464,7139
POTUS,0,0,0.1,6700
POTUS,0,0,0,9502
POTUS,0,0.7783,0.0429,5124
POTUS,0,0.9595,0.65,3556
POTUS,0,0.4588,-0.025,2088
POTUS,0,0.99,0.1449,3745
POTUS,0,0.5984,0.45,1951
POTUS,-1,0,0,4018
POTUS,1,0.9607,0.5139,5970
POTUS,0,0.5106,0.1,2685
POTUS,0,0.128,0.1,3704
POTUS,0,-0.7845,0,10088
POTUS,0,0,0,642
POTUS,0,0.5994,0.1,7302
POTUS,0,0.6249,-0.3,3425
TonyFratto,-1,-0.3274,0,1
TonyFratto,-1,-0.8074,-0.1879,69
TonyFratto,-1,0.4391,0.105,1
TonyFratto,0,0.3182,-0.125,1
TonyFratto,0,-0.1779,-0.2857,1
TonyFratto,0,0.6988,1,0
TonyFratto,0,0,0,1
TonyFratto,0,0,0.0056,2
TonyFratto,0,0,0,31
TonyFratto,0,0.3412,0,0
TonyFratto,0,0.128,-0.5,0
TonyFratto,1,0.3612,0.05,6
TonyFratto,-1,0.3919,-0.15,1
TonyFratto,0,0,0.25,21
TonyFratto,0,0,0,0
TonyFratto,0,0,0,0
TonyFratto,0,0.5983,0.3681,0
TonyFratto,0,0.5797,0.625,0
TonyFratto,1,0.8439,0.5333,0
TonyFratto,0,0,0,0
TonyFratto,0,-0.8172,0,20
TonyFratto,-2,0.755,0.1786,1
TonyFratto,-1,0.64,0,5
TonyFratto,0,0.2732,0,977
TonyFratto,-1,0,0,54
TonyFratto,0,0,0.1,0
TonyFratto,0,0.3182,0.35,0
TonyFratto,0,0,0.05,0
TonyFratto,0,-0.34,0,14
TonyFratto,-1,-0.296,0,0
TonyFratto,0,-0.1531,0,0
TonyFratto,0,-0.1477,-0.15,0
TonyFratto,1,0.9286,0.7,2
TonyFratto,0,0,0,25
TonyFratto,0,0.3818,0.1,90
TonyFratto,1,0.2846,0.2375,13
TonyFratto,0,0.7096,0.3,10
TonyFratto,0,0,0.5,0
TonyFratto,0,0.1027,0,4
TonyFratto,-1,-0.7003,0,46
TonyFratto,0,0.0258,0.25,19
TonyFratto,0,0.7783,1,0
TonyFratto,0,-0.2732,-0.75,27
TonyFratto,0,0.4767,0.25,7
TonyFratto,0,0.6072,0.4,5
TonyFratto,-1,0.4404,0.0682,3
TonyFratto,0,-0.2732,0,13
TonyFratto,0,0.7964,0.3917,12
TonyFratto,0,0.5707,0,0
TonyFratto,0,0.7463,0.6,0
TonyFratto,-1,-0.0387,0.2667,0
TonyFratto,0,0.6124,0.475,0
TonyFratto,0,0,0,0
TonyFratto,1,0.7935,0.2333,0
TonyFratto,0,0,0,0
TonyFratto,0,0,0,0
TonyFratto,0,0.2235,0.125,0
TonyFratto,0,-0.6087,-0.0417,0
TonyFratto,0,0,0.5,0
TonyFratto,0,0.4588,0.1,197
TonyFratto,0,0.4404,0.2778,0
TonyFratto,0,0,0,0
TonyFratto,0,0.9118,0.2806,0
TonyFratto,0,0,0,0
TonyFratto,-1,-0.1965,0.0125,0
TonyFratto,0,0,0,0
TonyFratto,0,0,0,0
TonyFratto,0,0.4753,0.4375,0
TonyFratto,1,0.3612,0,0
TonyFratto,1,0.8405,0.306,0
TonyFratto,0,0.1796,0.0667,1
TonyFratto,1,-0.0772,-0.05,0
TonyFratto,-1,0,-0.65,0
TonyFratto,0,0,0,0
TonyFratto,0,0.5106,0.2833,0
TonyFratto,0,0.6114,1,0
TonyFratto,0,0.4215,0,0
TonyFratto,0,0,0,0
TonyFratto,0,0,0.3,2
TonyFratto,0,0.2836,0.5,8
TonyFratto,0,-0.4215,-0.0333,1
TonyFratto,0,0,0.0312,2
TonyFratto,0,0.8801,0.29,0
TonyFratto,0,0.4019,0,0
TonyFratto,0,0,0,0
TonyFratto,0,0.3804,0.455,0
TonyFratto,0,0.0772,-0.4,0
TonyFratto,0,0.4754,0.78,0
TonyFratto,0,0,0,0
TonyFratto,0,0.4767,0,0
TonyFratto,0,0.1779,0,185
TonyFratto,0,0.5244,0.3,0
TonyFratto,1,0.916,0.4344,0
TonyFratto,0,0,0,0
TonyFratto,0,0,0,0
TonyFratto,0,0,0,0
TonyFratto,0,0,0.25,0
TonyFratto,0,-0.3875,0,0
TonyFratto,0,0,0,0
TonyFratto,-1,0.7351,0.0375,4381
TonyFratto,0,0,0.0764,573
TonyFratto,0,0.4404,0,58
TonyFratto,0,0,0,1
TonyFratto,0,0,0,5
TonyFratto,-1,-0.7184,-0.06,0
TonyFratto,-1,-0.5719,-0.8,0
TonyFratto,0,0,0,0
TonyFratto,-1,0,0,58425
TonyFratto,0,0,0,0
TonyFratto,0,0,0.1364,1
TonyFratto,0,0,0,0
TonyFratto,0,0.5667,-0.5,1
TonyFratto,1,-0.6004,0.55,0
TonyFratto,0,0.4019,0.0536,0
TonyFratto,0,0,0,0
TonyFratto,0,0,0,2
TonyFratto,-1,0,0.2167,12
TonyFratto,0,0.7304,0,0
TonyFratto,0,0.8462,0.4119,0
TonyFratto,0,0,0,16
TonyFratto,-1,0.9126,0.0333,0
TonyFratto,0,0,0.0952,0
TonyFratto,0,0.4404,0.5,0
TonyFratto,-1,-0.5423,-0.167,0
TonyFratto,0,0,0.375,8
TonyFratto,0,-0.1027,0,44
TonyFratto,-3,0.7351,0.3,1
TonyFratto,0,0,0,0
TonyFratto,0,-0.5707,0.1333,4
TonyFratto,0,0.4404,0.5,16
TonyFratto,0,-0.34,-0.6,2
TonyFratto,0,0.7096,0.3136,15
TonyFratto,0,0,0.3,4
TonyFratto,0,0,0,0
TonyFratto,0,-0.4019,0,10
TonyFratto,-1,0,0,0
TonyFratto,0,0.3182,0.7,0
TonyFratto,0,0,0,2
TonyFratto,0,0.6369,0.2778,0
TonyFratto,0,0.7003,0.1222,2
TonyFratto,0,0.6103,0,0
TonyFratto,0,0.4767,-0.1333,0
TonyFratto,-1,-0.296,0,0
TonyFratto,0,-0.7218,0.1667,0
TonyFratto,1,0.8919,0.2667,0
TonyFratto,-1,0,0,0
TonyFratto,0,0.2411,-1,0
TonyFratto,0,-0.5574,-0.0625,11
TonyFratto,0,0.4019,0,36
TonyFratto,0,0.5707,0,0
TonyFratto,0,0.6705,0.3,23
TonyFratto,0,0,0.5,3
TonyFratto,0,-0.4019,-1,19
TonyFratto,0,0.1477,0.33,3
TonyFratto,0,-0.4939,-0.05,7
TonyFratto,0,0,0.2,4
TonyFratto,0,0.6114,1,0
TonyFratto,-1,0.4574,0,18
TonyFratto,-1,0.431,0.35,0
TonyFratto,0,-0.1511,-0.3125,1
TonyFratto,0,0.6239,0.125,0
TonyFratto,1,0.5693,0.2292,0
TonyFratto,0,-0.4767,0.02,4102
TonyFratto,0,-0.0516,0,3
TonyFratto,0,0.4215,0.8,0
TonyFratto,0,0.743,0.8,0
TonyFratto,0,0.5692,0.256,1
TonyFratto,1,0.8398,0.375,0
TonyFratto,-1,0.6596,0.25,0
TonyFratto,0,0,0,0
TonyFratto,0,0.4404,0.5,0
TonyFratto,0,0.854,0.1,0
TonyFratto,0,0,0.5,4
TonyFratto,0,0,0,0
TonyFratto,0,0.0772,0.25,0
TonyFratto,1,-0.8762,0.0875,5
TonyFratto,0,0,0.2,0
TonyFratto,0,0,-0.05,1
TonyFratto,0,0.7639,0.4688,0
TonyFratto,0,0.1027,-0.0117,0
TonyFratto,0,0.5719,0.5952,0
TonyFratto,0,0,0,0
TonyFratto,0,0.8268,-0.025,0
TonyFratto,0,0.2714,0.625,0
TonyFratto,-1,-0.6808,-0.3114,1
TonyFratto,0,0.6808,0.0714,49
TonyFratto,0,0.7906,0.3333,52
TonyFratto,0,0,0,108
TonyFratto,0,0,0.2,0
TonyFratto,-1,-0.4215,-0.1,5
TonyFratto,0,0.2247,0.15,0
TonyFratto,0,-0.6249,0,1
TonyFratto,0,0.6588,0.2893,0
TonyFratto,0,0,0.1667,1
TonyFratto,0,0.166,0.0667,1
TonyFratto,0,0.296,0.2857,3
TonyFratto,-1,-0.5423,-0.0667,2
TonyFratto,1,-0.4717,-0.4,1
TonyFratto,0,0.34,0.375,7
TonyFratto,0,0,0.1333,53
BernieSanders,0,-0.8689,0,628
BernieSanders,0,-0.068,0,774
BernieSanders,0,0,0.125,2738
BernieSanders,0,-0.8225,-0.2083,433
BernieSanders,0,-0.0516,0.2875,2047
BernieSanders,0,0.0258,0.0833,1516
BernieSanders,0,0.7096,-0.25,2455
BernieSanders,-1,0.8643,0.2333,4371
BernieSanders,1,0.6369,0.2143,2232
BernieSanders,0,-0.1027,0.05,8426
BernieSanders,0,0.7574,0.0403,688
BernieSanders,0,-0.2732,0.05,1095
BernieSanders,-1,-0.7909,0.0778,2528
BernieSanders,-1,0.7849,0.1,2521
BernieSanders,-1,0.0762,-0.0424,2248
BernieSanders,-1,-0.2359,0.0319,1846
BernieSanders,0,-0.8748,0.0771,2170
BernieSanders,0,0,0.5,88
BernieSanders,-1,0.8967,0.3056,631
BernieSanders,0,-0.4019,-0.4389,443
BernieSanders,-1,0.0258,-0.7143,2029
BernieSanders,0,-0.2023,-0.7143,1927
BernieSanders,0,-0.6174,0.1167,775
BernieSanders,0,0.2247,0.0569,2036
BernieSanders,-1,0.5417,0.5,5637
BernieSanders,0,-0.6124,0.25,1490
BernieSanders,0,0.4576,-0.0917,1147
BernieSanders,0,0.8074,0.4333,1443
BernieSanders,0,0.6705,0.15,575
BernieSanders,0,-0.9298,0.06,539
BernieSanders,0,0.836,0.2875,952
BernieSanders,0,0.0085,0,479
BernieSanders,-1,-0.1001,-0.0321,418
BernieSanders,-1,0.7518,0,1773
BernieSanders,-1,-0.825,-0.0542,359
BernieSanders,0,-0.1531,0,196
BernieSanders,0,-0.4588,-0.0048,309
BernieSanders,0,0,0.25,152
BernieSanders,0,0.6369,0.05,153
BernieSanders,0,-0.5872,-0.2167,341
BernieSanders,0,0.7506,0.0798,740
BernieSanders,0,0.0772,0.1406,246
BernieSanders,-1,0.8607,0.1958,222
BernieSanders,0,0.6903,0.2533,232
BernieSanders,0,0.4019,0.1786,57
BernieSanders,0,-0.5267,-0.0048,309
BernieSanders,0,0.5267,0.1273,192
BernieSanders,0,0.8834,0.0682,2958
BernieSanders,0,0.3595,0.1364,86
BernieSanders,-1,0.8176,0.32,1152
BernieSanders,0,0.7783,0,347
BernieSanders,-1,0.3612,-0.0333,2048
BernieSanders,0,0.7351,0.3333,599
BernieSanders,0,0.7096,0.0889,275
BernieSanders,0,0.8316,0.2873,1899
BernieSanders,0,-0.3612,0.2,276
BernieSanders,-1,0.357,0,174
BernieSanders,0,-0.5782,0.5,216
BernieSanders,0,0.7512,0.2778,162
BernieSanders,0,0,0.0505,394
BernieSanders,0,0,0,174
BernieSanders,0,-0.8316,0,656
BernieSanders,0,0.34,0.1147,394
BernieSanders,0,0.743,0.1733,179
BernieSanders,-1,-0.5023,0.0875,3025
BernieSanders,0,0.8225,0.2533,1186
BernieSanders,-1,-0.6597,0.1,658
BernieSanders,-1,0.4754,0.0591,898
BernieSanders,0,-0.5719,0.5,927
BernieSanders,0,0.6625,0.2411,487
BernieSanders,0,0,0.2857,1478
BernieSanders,0,0.7425,0.4,2236
BernieSanders,-1,0.9272,0.2444,1582
BernieSanders,0,0.9451,0.3114,727
BernieSanders,0,-0.8126,-0.1483,270
BernieSanders,0,0.3818,0.3619,485
BernieSanders,0,0.1779,-0.025,1167
BernieSanders,-2,-0.471,0.1867,1420
BernieSanders,0,0,0.0625,1724
BernieSanders,-1,-0.3182,0.0312,917
BernieSanders,0,0.6114,0.1042,4785
BernieSanders,0,-0.6382,0.235,2341
BernieSanders,-2,-0.6634,-1,7651
BernieSanders,0,0.1531,0.1125,1849
BernieSanders,0,0.3612,0.1,535
BernieSanders,-1,0.2052,0.0625,173
BernieSanders,-1,-0.0397,0,4017
BernieSanders,0,0.7096,0.3333,3081
BernieSanders,0,0.3999,0.2167,2197
BernieSanders,0,0.9552,0.46,842
BernieSanders,-1,0.0258,-0.7143,2265
BernieSanders,0,0.7184,0.7,310
BernieSanders,0,-0.6166,0.1667,1400
BernieSanders,0,0.8316,0.5,5606
BernieSanders,0,0.1571,0.4583,1511
BernieSanders,-1,-0.1613,0.3,108
BernieSanders,1,0.8777,0.875,3495
BernieSanders,0,0.3818,0,1920
BernieSanders,0,-0.6705,0.0566,1011
BernieSanders,0,0.25,0,2464
BernieSanders,-1,0.8221,0.5,2501
BernieSanders,0,0,0.1364,81
BernieSanders,0,0.6997,0.3,5424
BernieSanders,0,-0.2732,-0.2,447
BernieSanders,0,-0.3818,0,642
BernieSanders,-1,0,-0.15,7319
BernieSanders,0,0.9437,0.3976,2794
BernieSanders,0,-0.7184,-0.25,421
BernieSanders,0,0.5267,0,100
BernieSanders,0,0,0.175,4222
BernieSanders,0,0,-0.1583,5109
BernieSanders,0,-0.8074,0.1449,583
BernieSanders,0,-0.6908,0,1565
BernieSanders,0,0.34,0.1,430
BernieSanders,0,0.0772,0,525
BernieSanders,0,0.3818,0,192
BernieSanders,-2,-0.8906,-0.2,268
BernieSanders,0,0.8271,-0.3,200
BernieSanders,0,0.6549,0.2341,210
BernieSanders,-1,-0.5095,0.0717,148
BernieSanders,0,0.7397,0.2341,210
BernieSanders,-1,-0.4767,0.0583,519
BernieSanders,0,0.4404,0.3091,402
BernieSanders,-1,0.4404,0.3333,342
BernieSanders,0,0.3802,0.0852,115
BernieSanders,-1,0.6808,0.085,1156
BernieSanders,0,0.7506,0.325,606
BernieSanders,0,0.6597,0.1964,2451
BernieSanders,0,0,0,2468
BernieSanders,0,0.8591,0.3667,756
BernieSanders,0,0.875,0.3333,1026
BernieSanders,0,0.7003,0.225,343
BernieSanders,-1,0.7874,0.1458,3093
BernieSanders,-1,0.6808,0.06,973
BernieSanders,-1,0.5927,0.2112,1188
BernieSanders,0,0.9204,0.3857,977
BernieSanders,-1,-0.6486,0.0833,5076
BernieSanders,-1,0.7102,-0.0411,893
BernieSanders,-1,0,-0.1583,1754
BernieSanders,0,0.6659,0.3571,1486
BernieSanders,0,-0.2263,0.3,2058
BernieSanders,-1,-0.5106,0,2504
BernieSanders,-1,0.4397,0.4,11612
BernieSanders,0,0,0.0929,1886
BernieSanders,0,0.2263,0.0333,9530
BernieSanders,-1,0.5267,0,5341
BernieSanders,1,0.402,0.5,1487
BernieSanders,0,0.9284,0.0675,1769
BernieSanders,0,0.9631,0.575,1565
BernieSanders,0,0.4019,0,8086
BernieSanders,0,0.6597,0,2136
BernieSanders,0,0.8934,0.2913,330
BernieSanders,-1,-0.7184,0.1562,3537
BernieSanders,0,-0.6597,0.125,1281
BernieSanders,0,-0.34,-0.0573,950
BernieSanders,-1,-0.4201,-0.3,1674
BernieSanders,0,0.8816,0.2762,677
BernieSanders,1,0.7845,0.3583,838
BernieSanders,-1,0.5198,0.2457,611
BernieSanders,0,-0.9578,0,452
BernieSanders,0,0.4588,0.2682,371
BernieSanders,0,-0.6597,0.1,754
BernieSanders,-1,-0.5283,0,168
BernieSanders,-1,0.0258,0,175
BernieSanders,0,0.4588,0.2682,371
BernieSanders,0,0.296,0,251
BernieSanders,0,0.8139,0,3166
BernieSanders,-1,-0.25,-0.0143,2052
BernieSanders,0,0.4588,0.2682,199
BernieSanders,0,0.296,0.2,2339
BernieSanders,0,-0.3818,0.5,876
BernieSanders,0,0.8779,0,443
BernieSanders,0,0.7564,0.3889,311
BernieSanders,0,-0.8205,0,869
BernieSanders,3,0.9199,0.18,987
BernieSanders,0,0.6652,0.2671,303
BernieSanders,0,-0.296,0,141
BernieSanders,0,-0.4404,-0.1571,229
BernieSanders,0,-0.6408,0.5,825
BernieSanders,0,-0.694,0.2121,825
BernieSanders,0,0.6808,0.05,486
BernieSanders,-2,0.69,0.1875,2414
BernieSanders,-1,-0.5932,0.1667,809
BernieSanders,0,0.807,0.4386,898
BernieSanders,0,0.8807,0.0952,641
BernieSanders,0,-0.6705,-0.2,1283
BernieSanders,1,0.891,0.3,1618
BernieSanders,0,0.4588,-0.0167,702
BernieSanders,-1,0.7083,0.345,961
BernieSanders,1,0.8979,0.3937,1450
BernieSanders,0,-0.5499,0.25,4905
BernieSanders,-1,0,0,3814
BernieSanders,0,0.8271,0,3218
BernieSanders,0,-0.0772,0.1091,6084
BernieSanders,0,-0.7906,0.2667,2518
BernieSanders,0,-0.1779,-0.0167,671
BernieSanders,-1,0.1017,0.3333,1253
BernieSanders,0,0,0,33
BernieSanders,-1,0.5499,0.24,788
BernieSanders,-1,0.2047,0.4429,901